[
  {
    "bootstrapKeys": [],
    "functionName": "main",
    "inputs": [
      {
        "encryption": {
          "encoding": {
            "isSigned": true,
            "precision": 27
          },
          "secretKeyID": 0,
          "variance": 9.9409770026943975e-32
        },
        "shape": {
          "dimensions": [
            1,
            15203
          ],
          "sign": true,
          "size": 15203,
          "width": 27
        }
      }
    ],
    "keyswitchKeys": [],
    "outputs": [
      {
        "encryption": {
          "encoding": {
            "isSigned": true,
            "precision": 27
          },
          "secretKeyID": 0,
          "variance": 9.9409770026943975e-32
        },
        "shape": {
          "dimensions": [
            1,
            1
          ],
          "sign": true,
          "size": 1,
          "width": 27
        }
      }
    ],
    "packingKeyswitchKeys": [],
    "secretKeys": [
      {
        "dimension": 2048
      }
    ]
  }
]